#{"t_start": 1629227301.2265072, "env_id": "imitationNM/SortingOnions-v0"}
r,l,t
0.0,1,1.553474
0.0,1,1.554812
0.0,1,1.557263
0.0,1,1.559886
0.0,1,1.561539
0.0,1,1.562855
0.0,1,1.564158
