#{"t_start": 1629227300.9997737, "env_id": "imitationNM/SortingOnions-v0"}
r,l,t
0.0,1,1.779965
0.0,1,1.781643
0.0,1,1.784136
0.0,1,1.787043
0.0,1,1.788346
0.0,1,1.789808
0.0,1,1.790952
