#{"t_start": 1629227301.2366498, "env_id": "imitationNM/SortingOnions-v0"}
r,l,t
0.0,1,1.542979
0.0,1,1.544627
0.0,1,1.547034
0.0,1,1.549644
0.0,1,1.55135
0.0,1,1.552681
0.0,1,1.553965
