#{"t_start": 1629227301.2523177, "env_id": "imitationNM/SortingOnions-v0"}
r,l,t
0.0,1,1.5274
0.0,1,1.529066
0.0,1,1.531665
0.0,1,1.534091
0.0,1,1.535835
0.0,1,1.537061
0.0,1,1.538636
