#{"t_start": 1629227301.1737072, "env_id": "imitationNM/SortingOnions-v0"}
r,l,t
0.0,1,1.60596
0.0,1,1.607611
0.0,1,1.609987
0.0,1,1.612621
0.0,1,1.614304
0.0,1,1.61564
0.0,1,1.616924
