#{"t_start": 1629229012.8055682, "env_id": "imitationNM/SortingOnions-v0"}
r,l,t
0.0,1,1.595927
0.0,1,1.597678
0.0,1,1.599927
0.0,1,1.602136
0.0,1,1.604566
0.0,1,1.606852
0.0,1,1.609112
