#{"t_start": 1629229012.741479, "env_id": "imitationNM/SortingOnions-v0"}
r,l,t
0.0,1,1.660374
0.0,1,1.661764
0.0,1,1.664158
0.0,1,1.666325
0.0,1,1.668849
0.0,1,1.67108
0.0,1,1.673177
