#{"t_start": 1629229012.7549617, "env_id": "imitationNM/SortingOnions-v0"}
r,l,t
0.0,1,1.64659
0.0,1,1.648435
0.0,1,1.650635
0.0,1,1.652957
0.0,1,1.655232
0.0,1,1.657386
0.0,1,1.659617
