#{"t_start": 1629229012.7355745, "env_id": "imitationNM/SortingOnions-v0"}
r,l,t
0.0,1,1.666158
0.0,1,1.667737
0.0,1,1.670074
0.0,1,1.672378
0.0,1,1.674819
0.0,1,1.677035
0.0,1,1.679069
