#{"t_start": 1629229012.491329, "env_id": "imitationNM/SortingOnions-v0"}
r,l,t
0.0,1,1.910135
0.0,1,1.9118
0.0,1,1.914019
0.0,1,1.916254
0.0,1,1.918634
0.0,1,1.920529
0.0,1,1.923113
