#{"t_start": 1629229012.755033, "env_id": "imitationNM/SortingOnions-v0"}
r,l,t
0.0,1,1.64644
0.0,1,1.648111
0.0,1,1.650375
0.0,1,1.652626
0.0,1,1.655007
0.0,1,1.657138
0.0,1,1.659463
