#{"t_start": 1629223298.7835672, "env_id": "imitationNM/SortingOnions-v0"}
r,l,t
0.881119,4,1.635303
0.587413,3,1.641649
0.587413,3,1.64689
0.587413,3,1.651092
0.587413,3,1.654229
0.587413,3,1.658424
0.881119,4,1.663862
