#{"t_start": 1629223298.763757, "env_id": "imitationNM/SortingOnions-v0"}
r,l,t
0.601399,4,1.655121
0.601399,4,1.663605
0.601399,4,1.668927
0.601399,4,1.674078
0.601399,4,1.679462
