#{"t_start": 1629223298.5331028, "env_id": "imitationNM/SortingOnions-v0"}
r,l,t
0.881119,4,1.885804
0.587413,3,1.892166
0.587413,3,1.897437
0.587413,3,1.901319
0.587413,3,1.904753
0.587413,3,1.908909
0.587413,3,1.91257
