#{"t_start": 1629223298.7859104, "env_id": "imitationNM/SortingOnions-v0"}
r,l,t
0.601399,4,1.633602
0.601399,4,1.641608
0.601399,4,1.646888
0.615385,5,1.653151
0.601399,4,1.658648
