#{"t_start": 1629223298.7949355, "env_id": "imitationNM/SortingOnions-v0"}
r,l,t
0.587413,3,1.622377
0.587413,3,1.627974
0.587413,3,1.634202
0.587413,3,1.637813
0.587413,3,1.641827
0.587413,3,1.645751
0.587413,3,1.649562
