#{"t_start": 1630862452.2766461, "env_id": "imitationNM/SortingOnions-v0"}
r,l,t
0.0,1,1.699147
0.0,1,1.700692
0.0,1,1.702068
0.0,1,1.703346
0.0,1,1.705252
0.0,1,1.706837
0.0,1,1.708271
