#{"t_start": 1630862452.2064068, "env_id": "imitationNM/SortingOnions-v0"}
r,l,t
0.0,1,1.769039
0.0,1,1.770531
0.0,1,1.772049
0.0,1,1.773334
0.0,1,1.775193
0.0,1,1.776764
0.0,1,1.778245
