#{"t_start": 1630862452.2858841, "env_id": "imitationNM/SortingOnions-v0"}
r,l,t
0.0,1,1.689591
0.0,1,1.69126
0.0,1,1.692603
0.0,1,1.693891
0.0,1,1.695967
0.0,1,1.697568
0.0,1,1.699009
