#{"t_start": 1630862452.2155976, "env_id": "imitationNM/SortingOnions-v0"}
r,l,t
0.0,1,1.759876
0.0,1,1.761368
0.0,1,1.762901
0.0,1,1.764182
0.0,1,1.766025
0.0,1,1.767618
0.0,1,1.76908
