#{"t_start": 1630862452.320633, "env_id": "imitationNM/SortingOnions-v0"}
r,l,t
0.0,1,1.654749
0.0,1,1.65628
0.0,1,1.657792
0.0,1,1.659082
0.0,1,1.660968
0.0,1,1.662501
0.0,1,1.663978
