#{"t_start": 1630862452.217434, "env_id": "imitationNM/SortingOnions-v0"}
r,l,t
0.0,1,1.757954
0.0,1,1.75951
0.0,1,1.761012
0.0,1,1.762301
0.0,1,1.764153
0.0,1,1.765763
0.0,1,1.767213
