#{"t_start": 1630862452.3399086, "env_id": "imitationNM/SortingOnions-v0"}
r,l,t
0.0,1,1.635537
0.0,1,1.637067
0.0,1,1.638552
0.0,1,1.63984
0.0,1,1.641706
0.0,1,1.643275
0.0,1,1.644762
