#{"t_start": 1630862452.3283365, "env_id": "imitationNM/SortingOnions-v0"}
r,l,t
0.0,1,1.647389
0.0,1,1.648862
0.0,1,1.650321
0.0,1,1.651654
0.0,1,1.653525
0.0,1,1.655133
0.0,1,1.656558
