#{"t_start": 1629225096.041473, "env_id": "imitationNM/SortingOnions-v0"}
r,l,t
0.293706,2,1.791251
0.293706,2,1.795801
0.293706,2,1.7993
0.293706,2,1.801775
0.293706,2,1.804937
0.293706,2,1.810297
0.293706,2,1.813216
