#{"t_start": 1629225096.262513, "env_id": "imitationNM/SortingOnions-v0"}
r,l,t
0.293706,2,1.5703
0.293706,2,1.574871
0.293706,2,1.578333
0.293706,2,1.580786
0.293706,2,1.583975
0.293706,2,1.589289
0.293706,2,1.592227
