#{"t_start": 1629225096.233108, "env_id": "imitationNM/SortingOnions-v0"}
r,l,t
0.293706,2,1.59973
0.293706,2,1.604354
0.293706,2,1.607767
0.293706,2,1.610202
0.293706,2,1.61347
0.293706,2,1.618741
0.293706,2,1.62179
