#{"t_start": 1629225096.2958095, "env_id": "imitationNM/SortingOnions-v0"}
r,l,t
0.293706,2,1.537118
0.293706,2,1.541663
0.293706,2,1.545069
0.293706,2,1.547503
0.293706,2,1.550781
0.293706,2,1.556209
0.293706,2,1.558946
