#{"t_start": 1629225096.1694462, "env_id": "imitationNM/SortingOnions-v0"}
r,l,t
0.293706,2,1.663882
0.293706,2,1.668335
0.587413,3,1.672882
0.293706,2,1.675275
0.293706,2,1.679947
0.293706,2,1.684241
0.293706,2,1.686742
