#{"t_start": 1629224764.8933697, "env_id": "imitationNM/SortingOnions-v0"}
r,l,t
0.0,1,1.64002
0.0,1,1.643473
0.0,1,1.645968
0.0,1,1.648282
0.0,1,1.649632
0.0,1,1.65094
0.0,1,1.652239
