#{"t_start": 1629224764.8099666, "env_id": "imitationNM/SortingOnions-v0"}
r,l,t
0.0,1,1.723452
0.0,1,1.726967
0.0,1,1.729688
0.0,1,1.731781
0.0,1,1.733053
0.0,1,1.734369
0.0,1,1.735668
