#{"t_start": 1629224764.8266575, "env_id": "imitationNM/SortingOnions-v0"}
r,l,t
0.0,1,1.706908
0.0,1,1.710413
0.0,1,1.713078
0.0,1,1.715168
0.0,1,1.716557
0.0,1,1.717863
0.0,1,1.719157
