#{"t_start": 1629224764.9112482, "env_id": "imitationNM/SortingOnions-v0"}
r,l,t
0.0,1,1.622184
0.0,1,1.62568
0.0,1,1.628092
0.0,1,1.630505
0.0,1,1.631765
0.0,1,1.63308
0.0,1,1.634378
