#{"t_start": 1629224764.880692, "env_id": "imitationNM/SortingOnions-v0"}
r,l,t
0.0,1,1.652669
0.0,1,1.656042
0.0,1,1.65848
0.0,1,1.660886
0.0,1,1.662251
0.0,1,1.663562
0.0,1,1.664864
