#{"t_start": 1626470459.8674123, "env_id": "CartPole-v1"}
r,l,t
24.0,24,1.364572
45.0,45,1.442219
12.0,12,1.46362
29.0,29,1.514672
40.0,40,1.584656
18.0,18,1.616597
9.0,9,1.63255
26.0,26,1.677833
