#{"t_start": 1630863413.5671203, "env_id": "imitationNM/SortingOnions-v0"}
r,l,t
0.0,1,1.614927
0.0,1,1.61871
0.0,1,1.621163
0.0,1,1.623663
0.0,1,1.626049
0.0,1,1.62796
0.0,1,1.62986
