#{"t_start": 1630863413.4804409, "env_id": "imitationNM/SortingOnions-v0"}
r,l,t
0.0,1,1.701582
0.0,1,1.705388
0.0,1,1.707795
0.0,1,1.710342
0.0,1,1.712439
0.0,1,1.714552
0.0,1,1.716573
