#{"t_start": 1630863413.6657422, "env_id": "imitationNM/SortingOnions-v0"}
r,l,t
0.0,1,1.516435
0.0,1,1.520612
0.0,1,1.522979
0.0,1,1.525519
0.0,1,1.527415
0.0,1,1.529665
0.0,1,1.531383
