#{"t_start": 1630863413.5544827, "env_id": "imitationNM/SortingOnions-v0"}
r,l,t
0.0,1,1.627678
0.0,1,1.631773
0.0,1,1.634131
0.0,1,1.636779
0.0,1,1.638488
0.0,1,1.640608
0.0,1,1.642631
