#{"t_start": 1630863413.588026, "env_id": "imitationNM/SortingOnions-v0"}
r,l,t
0.0,1,1.593997
0.0,1,1.597739
0.0,1,1.600137
0.0,1,1.602703
0.0,1,1.605016
0.0,1,1.606889
0.0,1,1.608896
