#{"t_start": 1630863413.564706, "env_id": "imitationNM/SortingOnions-v0"}
r,l,t
0.0,1,1.617263
0.0,1,1.621033
0.0,1,1.623466
0.0,1,1.626024
0.0,1,1.628173
0.0,1,1.630199
0.0,1,1.632216
