#{"t_start": 1630863413.5663238, "env_id": "imitationNM/SortingOnions-v0"}
r,l,t
0.0,1,1.615716
0.0,1,1.619544
0.0,1,1.622286
0.0,1,1.624854
0.0,1,1.626576
0.0,1,1.628691
0.0,1,1.630695
