#{"t_start": 1630863413.5867448, "env_id": "imitationNM/SortingOnions-v0"}
r,l,t
0.0,1,1.59523
0.0,1,1.598963
0.0,1,1.601391
0.0,1,1.603966
0.0,1,1.606131
0.0,1,1.608201
0.0,1,1.610128
