#{"t_start": 1630863347.4191306, "env_id": "imitationNM/SortingOnions-v0"}
r,l,t
0.293706,2,1.590011
0.293706,2,1.593663
0.293706,2,1.596741
0.293706,2,1.599811
0.293706,2,1.603112
0.293706,2,1.606368
0.293706,2,1.61011
