#{"t_start": 1630863347.4324422, "env_id": "imitationNM/SortingOnions-v0"}
r,l,t
0.293706,2,1.577365
0.293706,2,1.580753
0.293706,2,1.583635
0.293706,2,1.586823
0.293706,2,1.590185
0.293706,2,1.593271
0.293706,2,1.59704
