#{"t_start": 1630863347.4327457, "env_id": "imitationNM/SortingOnions-v0"}
r,l,t
0.293706,2,1.576524
0.293706,2,1.580122
0.293706,2,1.583207
0.293706,2,1.586277
0.293706,2,1.589611
0.293706,2,1.593333
0.293706,2,1.596551
