#{"t_start": 1630863347.4561853, "env_id": "imitationNM/SortingOnions-v0"}
r,l,t
0.293706,2,1.55358
0.293706,2,1.556945
0.293706,2,1.559821
0.293706,2,1.562893
0.293706,2,1.566447
0.293706,2,1.569543
0.293706,2,1.57318
