#{"t_start": 1630863347.3494782, "env_id": "imitationNM/SortingOnions-v0"}
r,l,t
0.293706,2,1.659711
0.293706,2,1.663363
0.293706,2,1.666445
0.293706,2,1.66948
0.293706,2,1.672863
0.293706,2,1.676075
0.293706,2,1.679818
