#{"t_start": 1630863347.4374635, "env_id": "imitationNM/SortingOnions-v0"}
r,l,t
0.293706,2,1.572316
0.587413,3,1.577314
0.293706,2,1.580331
0.293706,2,1.583276
0.293706,2,1.586484
0.293706,2,1.590212
0.293706,2,1.593473
