#{"t_start": 1630961361.8868258, "env_id": "CliffWalking-v0"}
r,l,t
-10275,1167,3.261071
-26787,9561,64.749253
-1977,1977,77.170303
-197,197,77.423408
-1003,904,78.54058
-348,348,78.987175
