#{"t_start": 1630961362.002365, "env_id": "CliffWalking-v0"}
r,l,t
-825,132,1.835724
-25247,3665,16.337584
-13548,8895,77.022557
-997,997,78.253071
-109,109,78.415141
-112,112,78.557327
