#{"t_start": 1630961361.836402, "env_id": "CliffWalking-v0"}
r,l,t
-27402,3048,15.578224
-193,94,15.702283
-17229,9012,66.612218
-500,401,77.005418
-1259,1259,78.608246
-399,399,79.114064
