#{"t_start": 1630961361.9319623, "env_id": "CliffWalking-v0"}
r,l,t
-6378,636,2.536677
-11396,1199,4.090609
-13729,2938,27.53031
-9590,4838,53.307128
-3134,3035,77.023465
-1065,1065,78.35207
-448,349,78.811668
