#{"t_start": 1630962071.0679545, "env_id": "CliffWalking-v0"}
r,l,t
-24640,3256,15.711921
