#{"t_start": 1630962071.349369, "env_id": "CliffWalking-v0"}
r,l,t
-20883,1974,4.178045
