#{"t_start": 1629225512.8676624, "env_id": "imitationNM/SortingOnions-v0"}
r,l,t
0.006993,1,1.627226
0.006993,1,1.629577
0.006993,1,1.632682
0.006993,1,1.63551
0.006993,1,1.637976
0.006993,1,1.639884
0.006993,1,1.641916
