#{"t_start": 1629225512.8512018, "env_id": "imitationNM/SortingOnions-v0"}
r,l,t
0.006993,1,1.643715
0.006993,1,1.645846
0.006993,1,1.648999
0.006993,1,1.652314
0.006993,1,1.654449
0.006993,1,1.65628
0.006993,1,1.658354
