#{"t_start": 1629225512.7133636, "env_id": "imitationNM/SortingOnions-v0"}
r,l,t
0.006993,1,1.781408
0.006993,1,1.78366
0.006993,1,1.786672
0.006993,1,1.789788
0.006993,1,1.792016
0.006993,1,1.794067
0.006993,1,1.796075
