#{"t_start": 1629225512.8758643, "env_id": "imitationNM/SortingOnions-v0"}
r,l,t
0.006993,1,1.619072
0.006993,1,1.621401
0.006993,1,1.624774
0.006993,1,1.627678
0.006993,1,1.62981
0.006993,1,1.631623
0.006993,1,1.633707
