#{"t_start": 1629225512.919388, "env_id": "imitationNM/SortingOnions-v0"}
r,l,t
0.006993,1,1.575381
0.006993,1,1.577601
0.006993,1,1.580795
0.006993,1,1.583682
0.006993,1,1.585948
0.006993,1,1.588247
0.006993,1,1.590035
