#{"t_start": 1629225512.7695315, "env_id": "imitationNM/SortingOnions-v0"}
r,l,t
0.006993,1,1.725197
0.006993,1,1.727453
0.006993,1,1.730489
0.006993,1,1.733453
0.006993,1,1.735732
0.006993,1,1.737766
0.006993,1,1.739823
