#{"t_start": 1630862572.107966, "env_id": "imitationNM/SortingOnions-v0"}
r,l,t
0.0,1,1.574687
0.0,1,1.576224
0.0,1,1.577537
0.0,1,1.578829
0.0,1,1.580086
0.0,1,1.581591
0.0,1,1.583495
