#{"t_start": 1630862572.068662, "env_id": "imitationNM/SortingOnions-v0"}
r,l,t
0.0,1,1.613965
0.0,1,1.615494
0.0,1,1.616814
0.0,1,1.618105
0.0,1,1.619362
0.0,1,1.621412
0.0,1,1.622753
