#{"t_start": 1630862572.1104167, "env_id": "imitationNM/SortingOnions-v0"}
r,l,t
0.0,1,1.57218
0.0,1,1.573721
0.0,1,1.575034
0.0,1,1.576322
0.0,1,1.57758
0.0,1,1.579116
0.0,1,1.580991
