#{"t_start": 1630862572.0953982, "env_id": "imitationNM/SortingOnions-v0"}
r,l,t
0.0,1,1.587178
0.0,1,1.588712
0.0,1,1.590026
0.0,1,1.591311
0.0,1,1.592574
0.0,1,1.594098
0.0,1,1.595949
