#{"t_start": 1630862571.9604917, "env_id": "imitationNM/SortingOnions-v0"}
r,l,t
0.0,1,1.722422
0.0,1,1.723917
0.0,1,1.72522
0.0,1,1.726509
0.0,1,1.727779
0.0,1,1.729279
0.0,1,1.731007
