#{"t_start": 1629225276.7161403, "env_id": "imitationNM/SortingOnions-v0"}
r,l,t
0.0,1,1.530559
0.0,1,1.534046
0.0,1,1.536726
0.0,1,1.53897
0.0,1,1.541112
0.0,1,1.543128
0.0,1,1.545084
