#{"t_start": 1629225276.5720673, "env_id": "imitationNM/SortingOnions-v0"}
r,l,t
0.0,1,1.673937
0.0,1,1.677486
0.0,1,1.68047
0.0,1,1.682824
0.0,1,1.684783
0.0,1,1.686826
0.0,1,1.688763
