#{"t_start": 1629225276.6335137, "env_id": "imitationNM/SortingOnions-v0"}
r,l,t
0.0,1,1.612629
0.0,1,1.616167
0.0,1,1.619133
0.0,1,1.621423
0.0,1,1.623453
0.0,1,1.625482
0.0,1,1.627425
