#{"t_start": 1629225276.6783514, "env_id": "imitationNM/SortingOnions-v0"}
r,l,t
0.0,1,1.568317
0.0,1,1.571806
0.0,1,1.574445
0.0,1,1.576732
0.0,1,1.578891
0.0,1,1.580905
0.0,1,1.582634
