#{"t_start": 1629225276.6444778, "env_id": "imitationNM/SortingOnions-v0"}
r,l,t
0.0,1,1.602265
0.0,1,1.605789
0.0,1,1.608426
0.0,1,1.61064
0.0,1,1.612824
0.0,1,1.614841
0.0,1,1.616804
