#{"t_start": 1629225276.6992319, "env_id": "imitationNM/SortingOnions-v0"}
r,l,t
0.0,1,1.546914
0.0,1,1.550434
0.0,1,1.553478
0.0,1,1.555762
0.0,1,1.557734
0.0,1,1.559763
0.0,1,1.561723
