#{"t_start": 1630963363.9298427, "env_id": "CliffWalking-v0"}
r,l,t
-32249,4826,22.93531
