#{"t_start": 1630963364.069547, "env_id": "CliffWalking-v0"}
r,l,t
-19908,1692,3.073089
