#{"t_start": 1630963364.090252, "env_id": "CliffWalking-v0"}
r,l,t
-20742,1833,3.174768
