#{"t_start": 1630863655.3610578, "env_id": "imitationNM/SortingOnions-v0"}
r,l,t
0.0,1,1.613547
0.0,1,1.617517
0.0,1,1.620757
0.0,1,1.623099
0.0,1,1.625188
0.0,1,1.627044
0.0,1,1.628833
