#{"t_start": 1630863655.3663025, "env_id": "imitationNM/SortingOnions-v0"}
r,l,t
0.0,1,1.608191
0.0,1,1.611799
0.0,1,1.615016
0.0,1,1.617491
0.0,1,1.619607
0.0,1,1.621475
0.0,1,1.623255
