#{"t_start": 1630863655.3508728, "env_id": "imitationNM/SortingOnions-v0"}
r,l,t
0.0,1,1.623508
0.0,1,1.627261
0.0,1,1.630333
0.0,1,1.632857
0.0,1,1.634981
0.0,1,1.636841
0.0,1,1.638609
