#{"t_start": 1630863655.1502988, "env_id": "imitationNM/SortingOnions-v0"}
r,l,t
0.0,1,1.8243
0.0,1,1.828288
0.0,1,1.831573
0.0,1,1.833858
0.0,1,1.835947
0.0,1,1.837812
0.0,1,1.839592
