#{"t_start": 1630863655.31428, "env_id": "imitationNM/SortingOnions-v0"}
r,l,t
0.0,1,1.660213
0.0,1,1.663907
0.0,1,1.667094
0.0,1,1.669574
0.0,1,1.671667
0.0,1,1.673567
0.0,1,1.675282
