#{"t_start": 1630863655.2974637, "env_id": "imitationNM/SortingOnions-v0"}
r,l,t
0.0,1,1.677011
0.0,1,1.680684
0.0,1,1.684318
0.0,1,1.686393
0.0,1,1.688751
0.0,1,1.690384
0.0,1,1.692151
