#{"t_start": 1629227761.578352, "env_id": "imitationNM/SortingOnions-v0"}
r,l,t
0.0,1,1.672035
0.0,1,1.673908
0.0,1,1.675766
0.0,1,1.677583
0.0,1,1.679012
0.0,1,1.680383
0.0,1,1.681885
