#{"t_start": 1629227761.556532, "env_id": "imitationNM/SortingOnions-v0"}
r,l,t
0.0,1,1.693776
0.0,1,1.695476
0.0,1,1.697295
0.0,1,1.699118
0.0,1,1.700643
0.0,1,1.702079
0.0,1,1.703547
