#{"t_start": 1629227761.4443362, "env_id": "imitationNM/SortingOnions-v0"}
r,l,t
0.0,1,1.805996
0.0,1,1.80769
0.0,1,1.809527
0.0,1,1.811378
0.0,1,1.812904
0.0,1,1.814324
0.0,1,1.815793
