#{"t_start": 1629227761.5268342, "env_id": "imitationNM/SortingOnions-v0"}
r,l,t
0.0,1,1.723498
0.0,1,1.725203
0.0,1,1.727096
0.0,1,1.728909
0.0,1,1.73042
0.0,1,1.731826
0.0,1,1.733313
