#{"t_start": 1629227761.6236103, "env_id": "imitationNM/SortingOnions-v0"}
r,l,t
0.0,1,1.626698
0.0,1,1.628451
0.0,1,1.63022
0.0,1,1.63211
0.0,1,1.63362
0.0,1,1.635007
0.0,1,1.636494
