#{"t_start": 1629227761.540216, "env_id": "imitationNM/SortingOnions-v0"}
r,l,t
0.0,1,1.71012
0.0,1,1.711821
0.0,1,1.71368
0.0,1,1.715523
0.0,1,1.717077
0.0,1,1.718454
0.0,1,1.719969
