#{"t_start": 1627406608.6849885, "env_id": "CliffWalking-v0"}
r,l,t
-29438,3401,15.541678
