#{"t_start": 1627406608.8046887, "env_id": "CliffWalking-v0"}
r,l,t
-33545,5924,28.432456
