#{"t_start": 1627406608.451646, "env_id": "CliffWalking-v0"}
r,l,t
-25546,3667,16.107447
