#{"t_start": 1627406608.5320642, "env_id": "CliffWalking-v0"}
r,l,t
-33010,6082,28.920651
