#{"t_start": 1630861238.2926695, "env_id": "imitationNM/SortingOnions-v0"}
r,l,t
0.006993,1,1.603819
0.006993,1,1.607762
0.006993,1,1.610943
0.006993,1,1.614106
0.006993,1,1.617207
0.006993,1,1.619179
0.006993,1,1.620843
