#{"t_start": 1630861238.2834988, "env_id": "imitationNM/SortingOnions-v0"}
r,l,t
0.006993,1,1.613198
0.006993,1,1.617242
0.006993,1,1.620298
0.006993,1,1.623807
0.006993,1,1.626781
0.006993,1,1.628634
0.006993,1,1.630247
