#{"t_start": 1630861238.2774954, "env_id": "imitationNM/SortingOnions-v0"}
r,l,t
0.006993,1,1.619038
0.006993,1,1.623067
0.006993,1,1.626232
0.006993,1,1.629282
0.006993,1,1.632399
0.006993,1,1.634367
0.006993,1,1.636034
