#{"t_start": 1630861238.2697587, "env_id": "imitationNM/SortingOnions-v0"}
r,l,t
0.006993,1,1.626802
0.006993,1,1.630916
0.006993,1,1.634063
0.006993,1,1.637113
0.006993,1,1.640179
0.006993,1,1.642165
0.006993,1,1.643794
