#{"t_start": 1630861238.2880735, "env_id": "imitationNM/SortingOnions-v0"}
r,l,t
0.006993,1,1.608484
0.006993,1,1.612925
0.006993,1,1.615748
0.006993,1,1.618804
0.006993,1,1.621892
0.006993,1,1.623854
0.006993,1,1.625672
