#{"t_start": 1630861238.2697, "env_id": "imitationNM/SortingOnions-v0"}
r,l,t
0.006993,1,1.626834
0.006993,1,1.630918
0.006993,1,1.63405
0.006993,1,1.637141
0.006993,1,1.640209
0.006993,1,1.642177
0.006993,1,1.643836
