#{"t_start": 1629225008.9063876, "env_id": "imitationNM/SortingOnions-v0"}
r,l,t
0.293706,2,1.513523
0.293706,2,1.519093
0.293706,2,1.522974
0.293706,2,1.526581
0.293706,2,1.530163
0.293706,2,1.532626
0.293706,2,1.534917
