#{"t_start": 1629225008.8703828, "env_id": "imitationNM/SortingOnions-v0"}
r,l,t
0.293706,2,1.549096
0.293706,2,1.554738
0.293706,2,1.558665
0.293706,2,1.562273
0.293706,2,1.565974
0.293706,2,1.568382
0.293706,2,1.570772
