#{"t_start": 1629225008.7620566, "env_id": "imitationNM/SortingOnions-v0"}
r,l,t
0.293706,2,1.657408
0.293706,2,1.663009
0.293706,2,1.666995
0.293706,2,1.670566
0.293706,2,1.674339
0.293706,2,1.676699
0.293706,2,1.679081
