#{"t_start": 1629225008.8227491, "env_id": "imitationNM/SortingOnions-v0"}
r,l,t
0.293706,2,1.596838
0.293706,2,1.602514
0.293706,2,1.606452
0.293706,2,1.610095
0.293706,2,1.613708
0.293706,2,1.616083
0.293706,2,1.61848
