#{"t_start": 1629224868.9251907, "env_id": "imitationNM/SortingOnions-v0"}
r,l,t
0.0,1,1.520038
0.0,1,1.521846
0.0,1,1.52432
0.0,1,1.526615
0.0,1,1.52864
0.0,1,1.53041
0.0,1,1.532224
