#{"t_start": 1629224868.7605078, "env_id": "imitationNM/SortingOnions-v0"}
r,l,t
0.0,1,1.684716
0.0,1,1.686473
0.0,1,1.68877
0.0,1,1.691213
0.0,1,1.693274
0.0,1,1.695021
0.0,1,1.696838
