#{"t_start": 1629224868.7656233, "env_id": "imitationNM/SortingOnions-v0"}
r,l,t
0.0,1,1.679588
0.0,1,1.681325
0.0,1,1.683579
0.0,1,1.686024
0.0,1,1.688093
0.0,1,1.689876
0.0,1,1.69169
