#{"t_start": 1629224868.8807366, "env_id": "imitationNM/SortingOnions-v0"}
r,l,t
0.0,1,1.564533
0.0,1,1.566345
0.0,1,1.568656
0.0,1,1.571032
0.0,1,1.573086
0.0,1,1.574867
0.0,1,1.576685
