#{"t_start": 1629224868.8451948, "env_id": "imitationNM/SortingOnions-v0"}
r,l,t
0.0,1,1.60003
0.0,1,1.60177
0.0,1,1.604104
0.0,1,1.60654
0.0,1,1.608587
0.0,1,1.61035
0.0,1,1.612167
