#{"t_start": 1629224113.9713109, "env_id": "imitationNM/SortingOnions-v0"}
r,l,t
0.006993,1,1.602808
0.006993,1,1.605024
0.006993,1,1.608172
0.006993,1,1.61108
0.006993,1,1.613614
0.006993,1,1.615208
0.006993,1,1.616583
