#{"t_start": 1629224113.7966554, "env_id": "imitationNM/SortingOnions-v0"}
r,l,t
0.006993,1,1.777124
0.006993,1,1.779307
0.006993,1,1.782482
0.006993,1,1.785206
0.006993,1,1.787733
0.006993,1,1.789702
0.006993,1,1.79107
