#{"t_start": 1629224113.8572001, "env_id": "imitationNM/SortingOnions-v0"}
r,l,t
0.006993,1,1.716611
0.006993,1,1.718817
0.006993,1,1.722041
0.006993,1,1.724794
0.006993,1,1.727335
0.006993,1,1.729218
0.006993,1,1.730588
