#{"t_start": 1629224113.9123151, "env_id": "imitationNM/SortingOnions-v0"}
r,l,t
0.006993,1,1.661469
0.006993,1,1.663676
0.006993,1,1.666877
0.006993,1,1.669622
0.006993,1,1.672147
0.006993,1,1.674048
0.006993,1,1.675426
