#{"t_start": 1629224113.9681506, "env_id": "imitationNM/SortingOnions-v0"}
r,l,t
0.006993,1,1.605668
0.006993,1,1.608062
0.006993,1,1.610986
0.006993,1,1.613793
0.006993,1,1.616326
0.006993,1,1.618239
0.006993,1,1.619621
