#{"t_start": 1629224113.8880365, "env_id": "imitationNM/SortingOnions-v0"}
r,l,t
0.006993,1,1.686038
0.006993,1,1.688274
0.006993,1,1.691279
0.006993,1,1.694299
0.006993,1,1.696836
0.006993,1,1.698592
0.006993,1,1.699809
