#{"t_start": 1630862916.9107454, "env_id": "imitationNM/SortingOnions-v0"}
r,l,t
0.0,1,1.529124
0.0,1,1.530641
0.0,1,1.532013
0.0,1,1.533384
0.0,1,1.534755
0.0,1,1.536306
0.0,1,1.537959
