#{"t_start": 1630862916.8392355, "env_id": "imitationNM/SortingOnions-v0"}
r,l,t
0.0,1,1.600631
0.0,1,1.602153
0.0,1,1.603698
0.0,1,1.604886
0.0,1,1.606266
0.0,1,1.607826
0.0,1,1.609471
