#{"t_start": 1630862916.8548145, "env_id": "imitationNM/SortingOnions-v0"}
r,l,t
0.0,1,1.5853
0.0,1,1.586757
0.0,1,1.588115
0.0,1,1.589511
0.0,1,1.590909
0.0,1,1.592119
0.0,1,1.593947
