#{"t_start": 1630862916.7406373, "env_id": "imitationNM/SortingOnions-v0"}
r,l,t
0.0,1,1.6992
0.0,1,1.70072
0.0,1,1.702036
0.0,1,1.703454
0.0,1,1.704833
0.0,1,1.706184
0.0,1,1.708047
