#{"t_start": 1630862916.8702862, "env_id": "imitationNM/SortingOnions-v0"}
r,l,t
0.0,1,1.569541
0.0,1,1.571065
0.0,1,1.572385
0.0,1,1.573797
0.0,1,1.575178
0.0,1,1.576526
0.0,1,1.57858
