#{"t_start": 1630862916.8025534, "env_id": "imitationNM/SortingOnions-v0"}
r,l,t
0.0,1,1.637274
0.0,1,1.63879
0.0,1,1.640127
0.0,1,1.641529
0.0,1,1.642904
0.0,1,1.644276
0.0,1,1.646108
