#{"t_start": 1629223199.627101, "env_id": "imitationNM/SortingOnions-v0"}
r,l,t
0.0,1,3.028552
0.0,1,3.031741
0.0,1,3.035208
0.0,1,3.038725
0.0,1,3.040841
0.0,1,3.042718
0.0,1,3.044384
