#{"t_start": 1629223199.6587284, "env_id": "imitationNM/SortingOnions-v0"}
r,l,t
0.0,1,2.996692
0.0,1,2.9995
0.0,1,3.0028
0.0,1,3.006535
0.0,1,3.008862
0.0,1,3.010748
0.0,1,3.012584
