#{"t_start": 1629223199.6039395, "env_id": "imitationNM/SortingOnions-v0"}
r,l,t
0.0,1,3.051502
0.0,1,3.054349
0.0,1,3.057633
0.0,1,3.061391
0.0,1,3.063705
0.0,1,3.06556
0.0,1,3.067429
