#{"t_start": 1629223199.6030455, "env_id": "imitationNM/SortingOnions-v0"}
r,l,t
0.0,1,3.052541
0.0,1,3.055433
0.0,1,3.058652
0.0,1,3.062819
0.0,1,3.064748
0.0,1,3.066636
0.0,1,3.068557
