#{"t_start": 1629223199.6111794, "env_id": "imitationNM/SortingOnions-v0"}
r,l,t
0.0,1,3.044262
0.0,1,3.047109
0.0,1,3.050524
0.0,1,3.054169
0.0,1,3.056739
0.0,1,3.058626
0.0,1,3.060431
