#{"t_start": 1630864414.8390434, "env_id": "imitationNM/SortingOnions-v0"}
r,l,t
0.0,1,1.550837
0.0,1,1.552451
0.0,1,1.553843
0.0,1,1.555269
0.0,1,1.556645
0.0,1,1.558024
0.0,1,1.559493
