#{"t_start": 1630864414.806234, "env_id": "imitationNM/SortingOnions-v0"}
r,l,t
0.0,1,1.583338
0.0,1,1.585007
0.0,1,1.586422
0.0,1,1.587861
0.0,1,1.589235
0.0,1,1.590628
0.0,1,1.592066
