#{"t_start": 1630864414.7512534, "env_id": "imitationNM/SortingOnions-v0"}
r,l,t
0.0,1,1.638634
0.0,1,1.640284
0.0,1,1.64164
0.0,1,1.643104
0.0,1,1.644474
0.0,1,1.645856
0.0,1,1.647316
