#{"t_start": 1630864414.8239784, "env_id": "imitationNM/SortingOnions-v0"}
r,l,t
0.0,1,1.566162
0.0,1,1.567608
0.0,1,1.569104
0.0,1,1.570388
0.0,1,1.571781
0.0,1,1.573145
0.0,1,1.57463
