#{"t_start": 1630864414.742721, "env_id": "imitationNM/SortingOnions-v0"}
r,l,t
0.0,1,1.647151
0.0,1,1.648767
0.0,1,1.649996
0.0,1,1.651588
0.0,1,1.652801
0.0,1,1.654163
0.0,1,1.655802
