#{"t_start": 1630864414.668855, "env_id": "imitationNM/SortingOnions-v0"}
r,l,t
0.0,1,1.720751
0.0,1,1.722435
0.0,1,1.72387
0.0,1,1.725276
0.0,1,1.726673
0.0,1,1.728022
0.0,1,1.729473
