#{"t_start": 1630864414.6665134, "env_id": "imitationNM/SortingOnions-v0"}
r,l,t
0.0,1,1.723129
0.0,1,1.724773
0.0,1,1.726179
0.0,1,1.727616
0.0,1,1.728979
0.0,1,1.730368
0.0,1,1.73181
