#{"t_start": 1630864414.7894564, "env_id": "imitationNM/SortingOnions-v0"}
r,l,t
0.0,1,1.600131
0.0,1,1.601804
0.0,1,1.603201
0.0,1,1.604644
0.0,1,1.606007
0.0,1,1.607406
0.0,1,1.608837
