#{"t_start": 1629227060.6340015, "env_id": "imitationNM/SortingOnions-v0"}
r,l,t
0.0,1,1.881924
0.0,1,1.884302
0.0,1,1.887598
0.0,1,1.889503
0.0,1,1.891148
0.0,1,1.892509
0.0,1,1.893928
