#{"t_start": 1629227060.795576, "env_id": "imitationNM/SortingOnions-v0"}
r,l,t
0.0,1,1.72033
0.0,1,1.723002
0.0,1,1.726052
0.0,1,1.728158
0.0,1,1.729748
0.0,1,1.731103
0.0,1,1.73252
