#{"t_start": 1629227060.831001, "env_id": "imitationNM/SortingOnions-v0"}
r,l,t
0.0,1,1.684345
0.0,1,1.687192
0.0,1,1.690135
0.0,1,1.692354
0.0,1,1.694087
0.0,1,1.695448
0.0,1,1.696879
