#{"t_start": 1629227060.7136288, "env_id": "imitationNM/SortingOnions-v0"}
r,l,t
0.0,1,1.801754
0.0,1,1.804487
0.0,1,1.807552
0.0,1,1.809657
0.0,1,1.811439
0.0,1,1.812811
0.0,1,1.814213
