#{"t_start": 1629227060.8318198, "env_id": "imitationNM/SortingOnions-v0"}
r,l,t
0.0,1,1.683494
0.0,1,1.686283
0.0,1,1.689263
0.0,1,1.691476
0.0,1,1.693211
0.0,1,1.694604
0.0,1,1.696011
