#{"t_start": 1629227060.7016194, "env_id": "imitationNM/SortingOnions-v0"}
r,l,t
0.0,1,1.813817
0.0,1,1.816543
0.0,1,1.819581
0.0,1,1.821762
0.0,1,1.823504
0.0,1,1.824867
0.0,1,1.826303
