#{"t_start": 1629227391.3972428, "env_id": "imitationNM/SortingOnions-v0"}
r,l,t
0.0,1,1.497259
0.0,1,1.500183
0.0,1,1.503156
0.0,1,1.505392
0.0,1,1.506915
0.0,1,1.508172
0.0,1,1.50944
