#{"t_start": 1629227391.3464377, "env_id": "imitationNM/SortingOnions-v0"}
r,l,t
0.0,1,1.548455
0.0,1,1.551605
0.0,1,1.554306
0.0,1,1.556528
0.0,1,1.557909
0.0,1,1.559171
0.0,1,1.560427
