#{"t_start": 1629227391.1750584, "env_id": "imitationNM/SortingOnions-v0"}
r,l,t
0.0,1,1.719445
0.0,1,1.72227
0.0,1,1.725277
0.0,1,1.72751
0.0,1,1.729085
0.0,1,1.730336
0.0,1,1.731602
