#{"t_start": 1629227391.3505168, "env_id": "imitationNM/SortingOnions-v0"}
r,l,t
0.0,1,1.544028
0.0,1,1.54695
0.0,1,1.549943
0.0,1,1.552188
0.0,1,1.553664
0.0,1,1.554918
0.0,1,1.556212
