#{"t_start": 1629227391.4702253, "env_id": "imitationNM/SortingOnions-v0"}
r,l,t
0.0,1,1.424399
0.0,1,1.427718
0.0,1,1.4303
0.0,1,1.432512
0.0,1,1.434038
0.0,1,1.435374
0.0,1,1.436632
