#{"t_start": 1629227391.1806836, "env_id": "imitationNM/SortingOnions-v0"}
r,l,t
0.0,1,1.713903
0.0,1,1.717255
0.0,1,1.719796
0.0,1,1.722081
0.0,1,1.723517
0.0,1,1.724771
0.0,1,1.726064
