#{"t_start": 1629225742.8944163, "env_id": "imitationNM/SortingOnions-v0"}
r,l,t
0.0,1,1.68773
0.0,1,1.691374
0.0,1,1.693477
0.0,1,1.695552
0.0,1,1.697728
0.0,1,1.69991
0.0,1,1.701907
