#{"t_start": 1629225742.6347175, "env_id": "imitationNM/SortingOnions-v0"}
r,l,t
0.0,1,1.947303
0.0,1,1.950975
0.0,1,1.952916
0.0,1,1.954908
0.0,1,1.957078
0.0,1,1.959301
0.0,1,1.961352
