#{"t_start": 1629225742.873371, "env_id": "imitationNM/SortingOnions-v0"}
r,l,t
0.0,1,1.708952
0.0,1,1.712617
0.0,1,1.714479
0.0,1,1.716623
0.0,1,1.718805
0.0,1,1.720969
0.0,1,1.722963
