#{"t_start": 1629225742.854057, "env_id": "imitationNM/SortingOnions-v0"}
r,l,t
0.0,1,1.727999
0.0,1,1.731676
0.0,1,1.733619
0.0,1,1.735586
0.0,1,1.737745
0.0,1,1.739966
0.0,1,1.742017
