#{"t_start": 1629225742.7754729, "env_id": "imitationNM/SortingOnions-v0"}
r,l,t
0.0,1,1.806817
0.0,1,1.810457
0.0,1,1.812377
0.0,1,1.814541
0.0,1,1.816727
0.0,1,1.818912
0.0,1,1.820875
