#{"t_start": 1629225742.9084022, "env_id": "imitationNM/SortingOnions-v0"}
r,l,t
0.0,1,1.673634
0.0,1,1.677331
0.0,1,1.679237
0.0,1,1.681194
0.0,1,1.683366
0.0,1,1.685613
0.0,1,1.687679
