#{"t_start": 1630860900.7097032, "env_id": "imitationNM/SortingOnions-v0"}
r,l,t
0.0,1,2.975883
0.0,1,2.977473
0.0,1,2.979343
0.0,1,2.981228
0.0,1,2.983069
0.0,1,2.984926
0.0,1,2.987245
