#{"t_start": 1630860900.728149, "env_id": "imitationNM/SortingOnions-v0"}
r,l,t
0.0,1,2.957347
0.0,1,2.958987
0.0,1,2.960812
0.0,1,2.962712
0.0,1,2.964558
0.0,1,2.966599
0.0,1,2.968711
