#{"t_start": 1630860900.6926317, "env_id": "imitationNM/SortingOnions-v0"}
r,l,t
0.0,1,2.99285
0.0,1,2.994486
0.0,1,2.996266
0.0,1,2.998176
0.0,1,3.000022
0.0,1,3.00207
0.0,1,3.004192
