#{"t_start": 1630860900.6910155, "env_id": "imitationNM/SortingOnions-v0"}
r,l,t
0.0,1,2.994597
0.0,1,2.996182
0.0,1,2.997985
0.0,1,2.999868
0.0,1,3.001725
0.0,1,3.003723
0.0,1,3.006016
