#{"t_start": 1630860900.7624743, "env_id": "imitationNM/SortingOnions-v0"}
r,l,t
0.0,1,2.922978
0.0,1,2.924631
0.0,1,2.926435
0.0,1,2.928346
0.0,1,2.930194
0.0,1,2.932015
0.0,1,2.934321
