#{"t_start": 1627333515.7432714, "env_id": "CliffWalking-v0"}
r,l,t
-2602,523,4.761757
-131383,6742,106.626851
