#{"t_start": 1627840464.884277, "env_id": "CliffWalking-v0"}
r,l,t
-32853,3252,25.276976
-157,157,27.028201
-946,352,29.453728
-934,241,31.468322
-914,122,33.214939
-2924,350,35.559553
-1759,76,35.752175
-250,52,35.884596
-2607,231,37.776698
-1036,46,39.119135
-2969,197,39.629977
