#{"t_start": 1627840464.5533342, "env_id": "CliffWalking-v0"}
r,l,t
-29429,2600,21.55732
-2428,547,25.318686
-301,301,27.468597
-161,62,27.641303
-44,44,27.765759
-68,68,29.259496
-1311,222,31.34268
-86,86,31.591142
-720,126,31.960437
-252,54,33.503725
-86,86,33.787006
-74,74,34.00809
-57,57,34.191402
-4184,224,36.0857
-51,51,36.215472
-551,56,37.653967
-553,157,38.059546
-228,30,38.138542
-880,88,39.590844
-425,29,39.665311
-2818,145,40.042721
