#{"t_start": 1627840464.9366484, "env_id": "CliffWalking-v0"}
r,l,t
-31878,3168,24.990467
-514,217,26.910084
-665,467,30.989309
-757,163,31.458863
-489,93,33.114761
-132,33,33.222919
-383,86,33.494967
-7075,541,37.558284
-454,58,37.706085
-830,38,37.803901
-1731,147,39.408391
-1880,98,39.664415
