#{"t_start": 1630875876.082375, "env_id": "imitationNM/SortingOnions-v0"}
r,l,t
0.0,1,1.652323
0.006993,2,1.654704
0.006993,2,1.660206
0.006993,2,1.665519
0.006993,2,1.668741
0.006993,2,1.672068
0.006993,2,1.675814
