#{"t_start": 1630875876.0709932, "env_id": "imitationNM/SortingOnions-v0"}
r,l,t
0.0,1,1.664007
0.006993,2,1.666063
0.006993,2,1.671871
0.006993,2,1.676814
0.006993,2,1.680054
0.006993,2,1.683424
0.006993,2,1.687171
