#{"t_start": 1630875876.097173, "env_id": "imitationNM/SortingOnions-v0"}
r,l,t
0.0,1,1.637586
0.006993,2,1.640089
0.006993,2,1.64601
0.006993,2,1.651031
0.006993,2,1.65397
0.006993,2,1.657439
0.006993,2,1.661599
