#{"t_start": 1630875876.0040777, "env_id": "imitationNM/SortingOnions-v0"}
r,l,t
0.0,1,1.730628
0.006993,2,1.733006
0.006993,2,1.738606
0.006993,2,1.743826
0.006993,2,1.747048
0.006993,2,1.750647
0.006993,2,1.754125
