#{"t_start": 1629225258.8283644, "env_id": "imitationNM/SortingOnions-v0"}
r,l,t
0.0,1,1.608991
0.0,1,1.611187
0.0,1,1.614609
0.0,1,1.616818
0.0,1,1.619592
0.0,1,1.622463
0.0,1,1.62604
