#{"t_start": 1629225258.7879376, "env_id": "imitationNM/SortingOnions-v0"}
r,l,t
0.0,1,1.649477
0.0,1,1.651675
0.0,1,1.655209
0.0,1,1.657259
0.0,1,1.660159
0.0,1,1.66303
0.0,1,1.66652
