#{"t_start": 1629225258.8365715, "env_id": "imitationNM/SortingOnions-v0"}
r,l,t
0.0,1,1.600769
0.0,1,1.602929
0.0,1,1.606429
0.0,1,1.608477
0.0,1,1.611265
0.0,1,1.614181
0.0,1,1.618109
