#{"t_start": 1629225258.920545, "env_id": "imitationNM/SortingOnions-v0"}
r,l,t
0.0,1,1.516834
0.0,1,1.519041
0.0,1,1.522465
0.0,1,1.524648
0.0,1,1.527403
0.0,1,1.530513
0.0,1,1.533944
