#{"t_start": 1629225258.8088093, "env_id": "imitationNM/SortingOnions-v0"}
r,l,t
0.0,1,1.628668
0.0,1,1.631015
0.0,1,1.634352
0.0,1,1.63665
0.0,1,1.639616
0.0,1,1.642449
0.0,1,1.645614
