#{"t_start": 1629225258.790957, "env_id": "imitationNM/SortingOnions-v0"}
r,l,t
0.0,1,1.646372
0.0,1,1.648543
0.0,1,1.651915
0.0,1,1.654142
0.0,1,1.656849
0.0,1,1.659791
0.0,1,1.663399
