#{"t_start": 1629226878.1114721, "env_id": "imitationNM/SortingOnions-v0"}
r,l,t
0.0,1,1.642166
0.0,1,1.644214
0.0,1,1.646113
0.0,1,1.647842
0.0,1,1.649178
0.0,1,1.651181
0.0,1,1.653063
