#{"t_start": 1629226878.1225092, "env_id": "imitationNM/SortingOnions-v0"}
r,l,t
0.0,1,1.630783
0.0,1,1.632862
0.0,1,1.634759
0.0,1,1.636514
0.0,1,1.637997
0.0,1,1.639955
0.0,1,1.64181
