#{"t_start": 1629226878.1162765, "env_id": "imitationNM/SortingOnions-v0"}
r,l,t
0.0,1,1.637345
0.0,1,1.6394
0.0,1,1.641321
0.0,1,1.643009
0.0,1,1.644495
0.0,1,1.64648
0.0,1,1.648182
