#{"t_start": 1629226878.1155155, "env_id": "imitationNM/SortingOnions-v0"}
r,l,t
0.0,1,1.638201
0.0,1,1.640427
0.0,1,1.642329
0.0,1,1.643871
0.0,1,1.645257
0.0,1,1.647178
0.0,1,1.64927
