#{"t_start": 1629226878.0650978, "env_id": "imitationNM/SortingOnions-v0"}
r,l,t
0.0,1,1.68822
0.0,1,1.690315
0.0,1,1.692198
0.0,1,1.693984
0.0,1,1.695443
0.0,1,1.697426
0.0,1,1.69929
