#{"t_start": 1629226878.0536506, "env_id": "imitationNM/SortingOnions-v0"}
r,l,t
0.0,1,1.699667
0.0,1,1.701765
0.0,1,1.70389
0.0,1,1.705439
0.0,1,1.706895
0.0,1,1.708919
0.0,1,1.710791
