#{"t_start": 1629226878.1417222, "env_id": "imitationNM/SortingOnions-v0"}
r,l,t
0.0,1,1.611866
0.0,1,1.613934
0.0,1,1.615823
0.0,1,1.617537
0.0,1,1.618911
0.0,1,1.620929
0.0,1,1.622715
