#{"t_start": 1629226878.043918, "env_id": "imitationNM/SortingOnions-v0"}
r,l,t
0.0,1,1.709394
0.0,1,1.711457
0.0,1,1.713376
0.0,1,1.71513
0.0,1,1.716593
0.0,1,1.718585
0.0,1,1.720447
