#{"t_start": 1627333432.5064933, "env_id": "CliffWalking-v0"}
r,l,t
-16341,996,7.602991
