#{"t_start": 1627333432.6771538, "env_id": "CliffWalking-v0"}
r,l,t
-15615,963,7.368617
