#{"t_start": 1627328816.9510856, "env_id": "CartPole-v1"}
r,l,t
23.0,23,1.693808
21.0,21,1.731384
13.0,13,1.753258
14.0,14,1.77682
