#{"t_start": 1627328817.0136962, "env_id": "CartPole-v1"}
r,l,t
38.0,38,1.658071
16.0,16,1.68561
51.0,51,1.770273
13.0,13,1.79208
