#{"t_start": 1627328817.000866, "env_id": "CartPole-v1"}
r,l,t
40.0,40,1.67473
19.0,19,1.706927
55.0,55,1.797805
12.0,12,1.818117
