#{"t_start": 1627328816.9596393, "env_id": "CartPole-v1"}
r,l,t
39.0,39,1.714027
24.0,24,1.754681
29.0,29,1.803123
22.0,22,1.83903
10.0,10,1.856035
