#{"t_start": 1629228736.996705, "env_id": "imitationNM/SortingOnions-v0"}
r,l,t
0.006993,1,1.654078
0.006993,1,1.655864
0.006993,1,1.657528
0.006993,1,1.659207
0.006993,1,1.660686
0.006993,1,1.662089
0.006993,1,1.663428
