#{"t_start": 1629228736.8966234, "env_id": "imitationNM/SortingOnions-v0"}
r,l,t
0.006993,1,1.75386
0.006993,1,1.755642
0.006993,1,1.757313
0.006993,1,1.75902
0.006993,1,1.760499
0.006993,1,1.761906
0.006993,1,1.763282
