#{"t_start": 1629228736.922467, "env_id": "imitationNM/SortingOnions-v0"}
r,l,t
0.006993,1,1.72803
0.006993,1,1.729799
0.006993,1,1.731435
0.006993,1,1.733143
0.006993,1,1.734656
0.006993,1,1.736032
0.006993,1,1.737409
