#{"t_start": 1629228737.0252047, "env_id": "imitationNM/SortingOnions-v0"}
r,l,t
0.006993,1,1.625301
0.006993,1,1.627095
0.006993,1,1.628763
0.006993,1,1.630485
0.006993,1,1.63194
0.006993,1,1.633384
0.006993,1,1.634722
