#{"t_start": 1629228736.9017935, "env_id": "imitationNM/SortingOnions-v0"}
r,l,t
0.006993,1,1.748712
0.006993,1,1.750718
0.006993,1,1.752388
0.006993,1,1.753896
0.006993,1,1.755355
0.006993,1,1.756795
0.006993,1,1.758137
