#{"t_start": 1629226814.3033917, "env_id": "imitationNM/SortingOnions-v0"}
r,l,t
0.293706,2,1.612269
0.293706,2,1.61651
0.293706,2,1.619606
0.293706,2,1.62196
0.293706,2,1.624244
0.293706,2,1.626543
0.293706,2,1.628725
