#{"t_start": 1629226814.2957997, "env_id": "imitationNM/SortingOnions-v0"}
r,l,t
0.293706,2,1.620006
0.293706,2,1.624224
0.293706,2,1.627262
0.293706,2,1.629611
0.293706,2,1.631898
0.293706,2,1.634196
0.293706,2,1.636379
