#{"t_start": 1629226814.265818, "env_id": "imitationNM/SortingOnions-v0"}
r,l,t
0.293706,2,1.64983
0.587413,3,1.656189
0.293706,2,1.658525
0.293706,2,1.66085
0.293706,2,1.663135
0.293706,2,1.665339
0.293706,2,1.667499
