#{"t_start": 1629226814.2042909, "env_id": "imitationNM/SortingOnions-v0"}
r,l,t
0.293706,2,1.71136
0.293706,2,1.715595
0.293706,2,1.718662
0.293706,2,1.721007
0.293706,2,1.723298
0.293706,2,1.725595
0.293706,2,1.727778
