#{"t_start": 1629226814.320192, "env_id": "imitationNM/SortingOnions-v0"}
r,l,t
0.293706,2,1.595525
0.293706,2,1.599769
0.293706,2,1.602836
0.293706,2,1.605184
0.293706,2,1.607472
0.293706,2,1.609771
0.293706,2,1.611953
