#{"t_start": 1630864408.5995512, "env_id": "imitationNM/SortingOnions-v0"}
r,l,t
0.006993,1,1.719898
0.006993,1,1.72325
0.006993,1,1.726423
0.006993,1,1.729655
0.006993,1,1.732268
0.006993,1,1.733505
0.006993,1,1.73474
