#{"t_start": 1630864408.7178123, "env_id": "imitationNM/SortingOnions-v0"}
r,l,t
0.006993,1,1.60162
0.006993,1,1.604851
0.006993,1,1.607997
0.006993,1,1.611251
0.006993,1,1.613884
0.006993,1,1.615166
0.006993,1,1.6164
