#{"t_start": 1630864408.641059, "env_id": "imitationNM/SortingOnions-v0"}
r,l,t
0.006993,1,1.678388
0.006993,1,1.681982
0.006993,1,1.684953
0.006993,1,1.688161
0.006993,1,1.69071
0.006993,1,1.691977
0.006993,1,1.693213
