#{"t_start": 1630864408.6595192, "env_id": "imitationNM/SortingOnions-v0"}
r,l,t
0.006993,1,1.660057
0.006993,1,1.663715
0.006993,1,1.666911
0.006993,1,1.669732
0.006993,1,1.672321
0.006993,1,1.673591
0.006993,1,1.674817
