#{"t_start": 1630864408.6281643, "env_id": "imitationNM/SortingOnions-v0"}
r,l,t
0.006993,1,1.691261
0.006993,1,1.694584
0.006993,1,1.697734
0.006993,1,1.70092
0.006993,1,1.70358
0.006993,1,1.704863
0.006993,1,1.706092
