#{"t_start": 1627411477.8745146, "env_id": "CliffWalking-v0"}
r,l,t
-3858,591,5.103763
-523,127,5.349703
