#{"t_start": 1627411477.6867135, "env_id": "CliffWalking-v0"}
r,l,t
-2132,251,2.105035
-3506,338,5.287074
