#{"t_start": 1630961692.3836246, "env_id": "CliffWalking-v0"}
r,l,t
-12751,1267,3.080518
