#{"t_start": 1629225393.7648516, "env_id": "imitationNM/SortingOnions-v0"}
r,l,t
0.888112,3,1.652623
0.888112,3,1.656343
0.888112,3,1.659742
0.888112,3,1.662983
0.888112,3,1.666371
0.888112,3,1.671219
0.888112,3,1.674678
