#{"t_start": 1629225393.7054749, "env_id": "imitationNM/SortingOnions-v0"}
r,l,t
0.608392,3,1.712266
0.608392,3,1.715943
0.608392,3,1.719167
0.608392,3,1.722408
0.608392,3,1.725665
0.608392,3,1.730643
0.608392,3,1.734135
