#{"t_start": 1629225393.7608542, "env_id": "imitationNM/SortingOnions-v0"}
r,l,t
0.888112,3,1.656598
0.888112,3,1.660327
0.888112,3,1.663712
0.888112,3,1.666954
0.888112,3,1.670196
1.181818,4,1.676537
0.888112,3,1.680613
