#{"t_start": 1629225393.7089434, "env_id": "imitationNM/SortingOnions-v0"}
r,l,t
0.888112,3,1.708475
0.888112,3,1.71218
0.888112,3,1.71559
0.888112,3,1.718832
0.888112,3,1.722092
0.888112,3,1.727097
0.888112,3,1.730507
