#{"t_start": 1629225393.5464933, "env_id": "imitationNM/SortingOnions-v0"}
r,l,t
0.888112,3,1.871002
0.888112,3,1.87474
0.888112,3,1.878146
0.888112,3,1.881383
0.888112,3,1.884595
0.888112,3,1.88957
0.888112,3,1.893047
