#{"t_start": 1626633664.879634, "env_id": "MountainCar-v0"}
r,l,t
-200.0,200,1.699698
-200.0,200,2.993328
