#{"t_start": 1626633664.8723142, "env_id": "MountainCar-v0"}
r,l,t
-200.0,200,1.70703
-200.0,200,3.000648
