#{"t_start": 1626633664.8790433, "env_id": "MountainCar-v0"}
r,l,t
-200.0,200,1.700334
-200.0,200,2.993965
