#{"t_start": 1626633664.8066738, "env_id": "MountainCar-v0"}
r,l,t
-200.0,200,1.773008
-200.0,200,3.066346
