#{"t_start": 1626633665.0272229, "env_id": "MountainCar-v0"}
r,l,t
-200.0,200,1.552181
-200.0,200,2.84585
