#{"t_start": 1626633665.011623, "env_id": "MountainCar-v0"}
r,l,t
-200.0,200,1.567726
-200.0,200,2.86133
