#{"t_start": 1626633664.9116995, "env_id": "MountainCar-v0"}
r,l,t
-200.0,200,1.667768
-200.0,200,2.961364
