#{"t_start": 1626633665.0153759, "env_id": "MountainCar-v0"}
r,l,t
-200.0,200,1.56396
-200.0,200,2.85759
