#{"t_start": 1626465327.2616742, "env_id": "CartPole-v1"}
r,l,t
5.0,5,1.570791
5.0,5,1.639884
