#{"t_start": 1626465327.2611344, "env_id": "CartPole-v1"}
r,l,t
5.0,5,1.571234
5.0,5,1.640372
