#{"t_start": 1629224898.0597982, "env_id": "imitationNM/SortingOnions-v0"}
r,l,t
0.0,1,1.67172
0.0,1,1.674831
0.0,1,1.678692
0.0,1,1.680225
0.0,1,1.681619
0.0,1,1.682903
0.0,1,1.68403
