#{"t_start": 1629224898.0606184, "env_id": "imitationNM/SortingOnions-v0"}
r,l,t
0.0,1,1.670356
0.0,1,1.673491
0.0,1,1.677313
0.0,1,1.679238
0.0,1,1.680594
0.0,1,1.681881
0.0,1,1.683155
