#{"t_start": 1629224898.175671, "env_id": "imitationNM/SortingOnions-v0"}
r,l,t
0.0,1,1.555864
0.0,1,1.558996
0.0,1,1.562819
0.0,1,1.564433
0.0,1,1.565747
0.0,1,1.567046
0.0,1,1.568324
