#{"t_start": 1629224898.1092567, "env_id": "imitationNM/SortingOnions-v0"}
r,l,t
0.0,1,1.62165
0.0,1,1.62482
0.0,1,1.628656
0.0,1,1.630555
0.0,1,1.631922
0.0,1,1.633262
0.0,1,1.634492
