#{"t_start": 1629224898.1027184, "env_id": "imitationNM/SortingOnions-v0"}
r,l,t
0.0,1,1.628749
0.0,1,1.631854
0.0,1,1.635449
0.0,1,1.637179
0.0,1,1.638509
0.0,1,1.63981
0.0,1,1.641272
