#{"t_start": 1629224898.1178741, "env_id": "imitationNM/SortingOnions-v0"}
r,l,t
0.0,1,1.613009
0.0,1,1.616126
0.0,1,1.620028
0.0,1,1.621894
0.0,1,1.62327
0.0,1,1.62458
0.0,1,1.625845
