#{"t_start": 1626728964.1613781, "env_id": "CliffWalking-v0"}
r,l,t
-50347,10846,57.555547
-755,458,60.076958
-722,524,62.693192
