#{"t_start": 1626728964.3982031, "env_id": "CliffWalking-v0"}
r,l,t
-51300,11601,61.177289
