#{"t_start": 1626728964.2310698, "env_id": "CliffWalking-v0"}
r,l,t
-53687,11513,60.307739
-360,360,62.690883
-287,287,64.043319
