#{"t_start": 1626728964.30821, "env_id": "CliffWalking-v0"}
r,l,t
-52732,11746,61.477012
-415,415,63.968171
