#{"t_start": 1626728964.3793108, "env_id": "CliffWalking-v0"}
r,l,t
-48432,11703,61.344383
-238,238,62.642389
-166,166,63.818371
