#{"t_start": 1626728964.2608263, "env_id": "CliffWalking-v0"}
r,l,t
-46344,11991,62.837269
-262,262,64.151704
