#{"t_start": 1626728964.339517, "env_id": "CliffWalking-v0"}
r,l,t
-52864,11383,60.012741
-592,394,62.435929
-298,298,63.81224
