#{"t_start": 1626728964.371451, "env_id": "CliffWalking-v0"}
r,l,t
-50907,10713,56.211009
-2253,1164,62.556874
-377,377,64.043627
